Element, I1_1, Ang1_1, I1_2, Ang1_2, I1_3, Ang1_3, I1_4, Ang1_4, Iresid1, AngResid1, I2_1, Ang2_1, I2_2, Ang2_2, I2_3, Ang2_3, I2_4, Ang2_4, Iresid2, AngResid2
Vsource.SOURCE,    22.5026,    92.30, 0.00550202,   152.02,    22.5053,   -87.69,          0,     0.00, 1.41484E-010,     8.13,    22.5026,   -87.70, 0.00550202,   -27.98,    22.5053,    92.31,          0,     0.00, 1.41484E-010,  -171.87
Line.L115,    1032.42,   -87.70,    0.14485,   -62.44,   0.158203,  -176.82,          0,     0.00,    1032.55,   -87.70,    1032.42,    92.30,   0.142161,   117.61,   0.155877,     3.25,          0,     0.00,    1032.55,    92.30
Line.L1, 0.000814141,   -61.72,          0,     0.00,          0,     0.00,          0,     0.00, 0.000814141,   -61.72, 8.94244E-007,   118.28,          0,     0.00,          0,     0.00,          0,     0.00, 8.94244E-007,   118.28
Line.L10,    1032.42,   -87.70,   0.136859,   -62.31,   0.148283,  -176.62,          0,     0.00,    1032.55,   -87.70,    1032.42,    92.30,   0.134799,   117.74,   0.146521,     3.43,          0,     0.00,    1032.55,    92.30
Line.L100,  0.0065993,  -165.73,          0,     0.00,          0,     0.00,          0,     0.00,  0.0065993,  -165.73, 0.00541197,    14.27,          0,     0.00,          0,     0.00,          0,     0.00, 0.00541197,    14.27
Line.L101, 0.00348053,    34.26, 0.00953433,   -64.51, 0.00489578,   178.58,          0,     0.00, 0.00685109,   -72.27, 0.00289803,  -147.39, 0.00758022,   113.83, 0.00297244,    -1.42,          0,     0.00, 0.00587272,   115.54
Line.L102, 0.00541096,  -165.73,          0,     0.00,          0,     0.00,          0,     0.00, 0.00541096,  -165.73, 0.00369593,    14.27,          0,     0.00,          0,     0.00,          0,     0.00, 0.00369593,    14.27
Line.L103, 0.00369492,  -165.73,          0,     0.00,          0,     0.00,          0,     0.00, 0.00369492,  -165.73, 1.01568E-006,    14.27,          0,     0.00,          0,     0.00,          0,     0.00, 1.01568E-006,    14.27
Line.L104, 0.00458638,   -71.52,          0,     0.00,          0,     0.00,          0,     0.00, 0.00458638,   -71.52, 0.00329708,   108.48,          0,     0.00,          0,     0.00,          0,     0.00, 0.00329708,   108.48
Line.L105, 0.00289803,    32.61, 0.00304393,   -58.10, 0.00297244,   178.58,          0,     0.00, 0.00143631,   -41.35, 0.00221448,  -150.45, 0.000716218,   121.90, 0.000699398,    -1.42,          0,     0.00,  0.0016822,  -162.66
Line.L106, 0.00329598,   -71.52,          0,     0.00,          0,     0.00,          0,     0.00, 0.00329598,   -71.52, 1.10244E-006,   108.48,          0,     0.00,          0,     0.00,          0,     0.00, 1.10244E-006,   108.48
Line.L107, 0.00200599,    28.19,          0,     0.00,          0,     0.00,          0,     0.00, 0.00200599,    28.19, 0.00161368,  -151.81,          0,     0.00,          0,     0.00,          0,     0.00, 0.00161368,  -151.81
Line.L108, 0.000214406,    42.38, 0.000716218,   -58.10, 0.000699398,   178.58,          0,     0.00, 0.000474841,  -109.99, 6.55846E-012,   123.69, 1.31169E-011,   -33.69, 7.27596E-012,   180.00,          0,     0.00, 1.81899E-012,   -90.00
Line.L109, 0.00161351,    28.19,          0,     0.00,          0,     0.00,          0,     0.00, 0.00161351,    28.19, 0.00135197,  -151.81,          0,     0.00,          0,     0.00,          0,     0.00, 0.00135197,  -151.81
Line.L11, 0.00321547,    58.08,          0,     0.00,          0,     0.00,          0,     0.00, 0.00321547,    58.08,  0.0017387,  -121.92,          0,     0.00,          0,     0.00,          0,     0.00,  0.0017387,  -121.92
Line.L110, 0.000501457,    28.19,          0,     0.00,          0,     0.00,          0,     0.00, 0.000501457,    28.19, 1.67727E-007,  -151.82,          0,     0.00,          0,     0.00,          0,     0.00, 1.67727E-007,  -151.82
Line.L111, 0.000850515,    28.19,          0,     0.00,          0,     0.00,          0,     0.00, 0.000850515,    28.19, 0.000741539,  -151.81,          0,     0.00,          0,     0.00,          0,     0.00, 0.000741539,  -151.81
Line.L112, 0.000741372,    28.19,          0,     0.00,          0,     0.00,          0,     0.00, 0.000741372,    28.19, 0.000283673,  -151.81,          0,     0.00,          0,     0.00,          0,     0.00, 0.000283673,  -151.81
Line.L113, 0.000283505,    28.19,          0,     0.00,          0,     0.00,          0,     0.00, 0.000283505,    28.19, 1.67692E-007,  -151.83,          0,     0.00,          0,     0.00,          0,     0.00, 1.67692E-007,  -151.83
Line.L114,  0.0184565,    61.66,  0.0241188,   -60.50,  0.0213284,   177.22,          0,     0.00, 0.00377282,  -100.21,   0.016782,  -118.26,  0.0215119,   119.05,  0.0188878,    -2.40,          0,     0.00, 0.00326848,    81.59
Line.L116,    1032.46,   -87.70,  0.0885336,   -62.32,  0.0991829,  -175.77,          0,     0.00,    1032.54,   -87.70,    1032.46,    92.30,  0.0857479,   117.79,  0.0968061,     4.30,          0,     0.00,    1032.54,    92.30
Line.L117,  0.0241378,    36.77,  0.0631988,   -61.83,  0.0767816,  -174.83,          0,     0.00,  0.0553839,  -119.53,  0.0231174,  -143.14,  0.0608783,   118.25,  0.0743771,     5.15,          0,     0.00,  0.0535987,    60.04
Line.L118, 0.00401187,    35.34,  0.0113155,   -63.50,  0.0131197,  -173.60,          0,     0.00,  0.0103988,  -116.97, 0.00348053,  -145.74, 0.00953433,   115.49,  0.0113899,     7.60,          0,     0.00, 0.00922163,    62.14
Line.L12, 0.00456003,  -174.90,          0,     0.00,          0,     0.00,          0,     0.00, 0.00456003,  -174.90,  0.0038589,     5.10,          0,     0.00,          0,     0.00,          0,     0.00,  0.0038589,     5.10
Line.L13,  0.0364914,    58.10,  0.0434805,   -62.19,  0.0401321,  -178.55,          0,     0.00, 0.00851275,   -93.73,  0.0321108,  -121.10,  0.0384202,   118.05,  0.0348398,     0.61,          0,     0.00, 0.00678208,    88.43
Line.L15, 0.000869352,    58.08,          0,     0.00,          0,     0.00,          0,     0.00, 0.000869352,    58.08, 6.68628E-007,  -121.92,          0,     0.00,          0,     0.00,          0,     0.00, 6.68628E-007,  -121.92
Line.L16, 0.00175372,  -174.90,          0,     0.00,          0,     0.00,          0,     0.00, 0.00175372,  -174.90, 8.99345E-007,     5.09,          0,     0.00,          0,     0.00,          0,     0.00, 8.99345E-007,     5.09
Line.L17, 0.00163687,  -174.90,          0,     0.00,          0,     0.00,          0,     0.00, 0.00163687,  -174.90, 8.99244E-007,     5.07,          0,     0.00,          0,     0.00,          0,     0.00, 8.99244E-007,     5.07
Line.L18, 0.00183537,    57.19,          0,     0.00,          0,     0.00,          0,     0.00, 0.00183537,    57.19, 0.00104412,  -122.81,          0,     0.00,          0,     0.00,          0,     0.00, 0.00104412,  -122.81
Line.L19,    0.01187,    54.87,  0.0143211,   -64.38,  0.0136062,  -174.08,          0,     0.00, 0.00463691,   -96.34,  0.0102695,  -124.72,  0.0124799,   115.56,  0.0116717,     5.74,          0,     0.00, 0.00400277,    84.58
Line.L2, 0.00467209,  -178.28,          0,     0.00,          0,     0.00,          0,     0.00, 0.00467209,  -178.28,  0.0035332,     1.72,          0,     0.00,          0,     0.00,          0,     0.00,  0.0035332,     1.72
Line.L20, 0.00104351,    57.19,          0,     0.00,          0,     0.00,          0,     0.00, 0.00104351,    57.19, 6.08932E-007,  -122.82,          0,     0.00,          0,     0.00,          0,     0.00, 6.08932E-007,  -122.82
Line.L21, 0.00260112,   -64.87,          0,     0.00,          0,     0.00,          0,     0.00, 0.00260112,   -64.87, 9.53085E-007,   115.12,          0,     0.00,          0,     0.00,          0,     0.00, 9.53085E-007,   115.12
Line.L22,  0.0102695,    55.28, 0.00987888,   -64.32,  0.0116717,  -174.26,          0,     0.00, 0.00220347,  -132.30,  0.0089363,  -124.27, 0.00834458,   115.62,  0.0100597,     5.54,          0,     0.00, 0.00176446,    38.99
Line.L23, 0.00257172,  -174.91,          0,     0.00,          0,     0.00,          0,     0.00, 0.00257172,  -174.91, 8.99491E-007,     5.10,          0,     0.00,          0,     0.00,          0,     0.00, 8.99491E-007,     5.10
Line.L24,  0.0089363,    55.73, 0.00834458,   -64.38, 0.00748814,  -174.31,          0,     0.00, 0.00148109,   -36.53, 0.00756234,  -126.46, 0.00644605,   115.97, 0.00587752,     7.29,          0,     0.00, 0.00155561,   162.86
Line.L25, 0.00256936,    57.19,          0,     0.00,          0,     0.00,          0,     0.00, 0.00256936,    57.19, 0.00201695,  -122.81,          0,     0.00,          0,     0.00,          0,     0.00, 0.00201695,  -122.81
Line.L26, 0.00561015,    52.27, 0.00644605,   -64.03, 0.00677489,  -173.00,          0,     0.00, 0.00223306,  -102.11,  0.0045419,  -127.73, 0.00521859,   115.97, 0.00548494,     7.00,          0,     0.00, 0.00180781,    77.88
Line.L27, 0.00201695,    57.19,          0,     0.00,          0,     0.00,          0,     0.00, 0.00201695,    57.19, 0.00158292,  -122.81,          0,     0.00,          0,     0.00,          0,     0.00, 0.00158292,  -122.81
Line.L28,          0,     0.00,          0,     0.00,          0,     0.00,          0,     0.00,          0,     0.00,          0,     0.00,          0,     0.00,          0,     0.00,          0,     0.00,          0,     0.00
Line.L29, 0.00158292,    57.19,          0,     0.00,          0,     0.00,          0,     0.00, 0.00158292,    57.19, 6.09176E-007,  -122.81,          0,     0.00,          0,     0.00,          0,     0.00, 6.09176E-007,  -122.81
Line.L3,    1032.42,   -87.70,   0.141347,   -62.39,   0.151206,  -176.70,          0,     0.00,    1032.55,   -87.70,    1032.42,    92.30,   0.139313,   117.65,   0.149455,     3.35,          0,     0.00,    1032.55,    92.30
Line.L30, 0.00454128,    52.27, 0.00521765,   -64.03, 0.00548405,  -173.00,          0,     0.00,  0.0018074,  -102.12, 0.00293891,  -127.73, 0.00337646,   115.97, 0.00354914,     7.00,          0,     0.00, 0.00116953,    77.87
Line.L31,  0.0029383,    52.27, 0.00337646,   -64.03, 0.00354914,  -173.00,          0,     0.00,  0.0011701,  -102.14, 0.00106887,  -127.73,  0.0012284,   115.97, 0.00129173,     7.00,          0,     0.00, 0.000425925,    77.78
Line.L32, 0.00106887,    52.27,  0.0012284,   -64.03, 0.00129084,  -173.00,          0,     0.00, 0.000425659,  -102.10, 6.22588E-007,  -122.55, 9.4341E-007,   115.74, 8.93513E-007,     4.29,          0,     0.00, 4.18341E-007,    69.53
Line.L33,          0,     0.00,          0,     0.00,          0,     0.00,          0,     0.00,          0,     0.00,          0,     0.00,          0,     0.00,          0,     0.00,          0,     0.00,          0,     0.00
Line.L34, 0.00385801,  -174.90,          0,     0.00,          0,     0.00,          0,     0.00, 0.00385801,  -174.90, 0.00339059,     5.10,          0,     0.00,          0,     0.00,          0,     0.00, 0.00339059,     5.10
Line.L35, 0.00197624,    57.19,          0,     0.00,          0,     0.00,          0,     0.00, 0.00197624,    57.19, 0.000950341,  -122.81,          0,     0.00,          0,     0.00,          0,     0.00, 0.000950341,  -122.81
Line.L36,  0.0148123,    62.34,   0.021511,   -60.95,  0.0188878,   177.60,          0,     0.00, 0.00513341,  -107.57,  0.0135369,  -118.14,  0.0197906,   119.46,  0.0174152,    -2.59,          0,     0.00, 0.00468726,    74.15
Line.L37, 0.000950341,    57.19,          0,     0.00,          0,     0.00,          0,     0.00, 0.000950341,    57.19, 6.09124E-007,  -122.82,          0,     0.00,          0,     0.00,          0,     0.00, 6.09124E-007,  -122.82
Line.L38,          0,     0.00,          0,     0.00,          0,     0.00,          0,     0.00,          0,     0.00,          0,     0.00,          0,     0.00,          0,     0.00,          0,     0.00,          0,     0.00
Line.L39,          0,     0.00,          0,     0.00,          0,     0.00,          0,     0.00,          0,     0.00,          0,     0.00,          0,     0.00,          0,     0.00,          0,     0.00,          0,     0.00
Line.L4, 0.000911991,  -178.28,          0,     0.00,          0,     0.00,          0,     0.00, 0.000911991,  -178.28, 8.76379E-007,     1.72,          0,     0.00,          0,     0.00,          0,     0.00, 8.76379E-007,     1.72
Line.L40, 0.00152002,  -174.91,          0,     0.00,          0,     0.00,          0,     0.00, 0.00152002,  -174.91, 8.99082E-007,     5.08,          0,     0.00,          0,     0.00,          0,     0.00, 8.99082E-007,     5.08
Line.L41,  0.0135369,    61.86,  0.0197906,   -60.54,  0.0159101,   176.68,          0,     0.00, 0.00438036,   -86.94,  0.0122627,  -118.74,  0.0180715,   119.93,  0.0144388,    -3.65,          0,     0.00, 0.00402091,    97.19
Line.L42, 0.00247731,   -64.87,          0,     0.00,          0,     0.00,          0,     0.00, 0.00247731,   -64.87, 9.52833E-007,   115.11,          0,     0.00,          0,     0.00,          0,     0.00, 9.52833E-007,   115.11
Line.L43,  0.0122621,    61.26,  0.0156042,   -59.30,  0.0144388,   176.35,          0,     0.00, 0.00183101,  -107.44,  0.0112439,  -119.30,  0.0142321,   121.30,  0.0132622,    -3.96,          0,     0.00, 0.00147702,    76.97
Line.L44, 0.00158373,    57.19,          0,     0.00,          0,     0.00,          0,     0.00, 0.00158373,    57.19, 0.000950726,  -122.81,          0,     0.00,          0,     0.00,          0,     0.00, 0.000950726,  -122.81
Line.L45,  0.0096636,    61.27,  0.0142321,   -58.70,  0.0132622,   176.04,          0,     0.00, 0.00301533,  -113.27, 0.00839128,  -119.68,  0.0125197,   122.24,  0.0117921,    -4.44,          0,     0.00, 0.00255708,    68.87
Line.L46, 0.000950117,    57.19,          0,     0.00,          0,     0.00,          0,     0.00, 0.000950117,    57.19, 6.0899E-007,  -122.82,          0,     0.00,          0,     0.00,          0,     0.00, 6.0899E-007,  -122.82
Line.L47, 0.000671564,    60.89, 0.00104533,   -56.79, 0.000977964,   174.18,          0,     0.00, 0.000202598,  -111.32, 6.22648E-007,  -122.56, 9.43376E-007,   115.75, 8.9362E-007,     4.30,          0,     0.00, 4.18187E-007,    69.54
Line.L48, 0.00771914,    60.27,  0.0114736,   -57.84,  0.0108135,   175.68,          0,     0.00, 0.00235406,  -111.11, 0.00660098,  -119.84, 0.00973334,   121.97, 0.00918572,    -4.05,          0,     0.00,  0.0020171,    68.92
Line.L49, 0.00660037,    60.16, 0.00973239,   -58.03, 0.00918483,   175.95,          0,     0.00, 0.00201664,  -111.08, 0.00548224,  -119.99, 0.00799225,   121.70,  0.0075573,    -3.67,          0,     0.00, 0.00167968,    68.97
Line.L5, 0.00262121,  -178.28,          0,     0.00,          0,     0.00,          0,     0.00, 0.00262121,  -178.28, 0.00114065,     1.72,          0,     0.00,          0,     0.00,          0,     0.00, 0.00114065,     1.72
Line.L50, 0.00548224,    60.01, 0.00799225,   -58.30, 0.00755641,   176.33,          0,     0.00, 0.00167928,  -111.00, 0.00436417,  -120.21, 0.00625238,   121.27, 0.00592941,    -3.08,          0,     0.00, 0.00134232,    69.08
Line.L51, 0.00436356,    59.79, 0.00625238,   -58.73, 0.00592941,   176.92,          0,     0.00, 0.00134292,  -110.92, 0.00212793,  -121.37,  0.0027756,   118.83, 0.00268073,     0.25,          0,     0.00, 0.000669018,    69.49
Line.L52,    1032.46,   -87.70,  0.0857479,   -62.21,  0.0968061,  -175.70,          0,     0.00,    1032.54,   -87.70,    1032.46,    92.30,  0.0843447,   117.86,  0.0956133,     4.33,          0,     0.00,    1032.54,    92.30
Line.L53,    1032.46,   -87.70,  0.0843447,   -62.14,  0.0956133,  -175.67,          0,     0.00,    1032.54,   -87.70,    1032.46,    92.30,  0.0834642,   117.90,  0.0948663,     4.35,          0,     0.00,    1032.54,    92.30
Line.L54, 0.00213813,    68.05, 0.00389062,   -66.13, 0.00329164,  -177.89,          0,     0.00, 0.00192734,  -118.37, 0.00106924,  -111.96, 0.00194583,   113.87, 0.00164582,     2.11,          0,     0.00, 0.000963824,    61.65
Line.L55,    1032.46,   -87.70,  0.0795837,   -61.90,  0.0915773,  -175.57,          0,     0.00,    1032.54,   -87.70,    1032.46,    92.30,  0.0771374,   117.96,  0.0892274,     4.63,          0,     0.00,    1032.54,    92.30
Line.L56, 0.00106889,    68.05, 0.00194583,   -66.13, 0.00164582,  -177.89,          0,     0.00, 0.000964192,  -118.35, 2.44889E-012,  -158.20, 1.03542E-006,   111.18, 4.06738E-012,   -63.43,          0,     0.00, 1.03542E-006,   111.18
Line.L57, 0.00274203,   -69.70,          0,     0.00,          0,     0.00,          0,     0.00, 0.00274203,   -69.70, 0.00137207,   110.30,          0,     0.00,          0,     0.00,          0,     0.00, 0.00137207,   110.30
Line.L58,    1032.46,   -87.70,  0.0744207,   -61.76,  0.0892274,  -175.37,          0,     0.00,    1032.53,   -87.70,    1032.46,    92.30,  0.0691328,   117.95,  0.0841773,     5.05,          0,     0.00,    1032.53,    92.30
Line.L59, 0.00137101,   -69.70,          0,     0.00,          0,     0.00,          0,     0.00, 0.00137101,   -69.70, 1.05447E-006,   110.30,          0,     0.00,          0,     0.00,          0,     0.00, 1.05447E-006,   110.30
Line.L6, 0.00113977,  -178.28,          0,     0.00,          0,     0.00,          0,     0.00, 0.00113977,  -178.28, 8.76612E-007,     1.71,          0,     0.00,          0,     0.00,          0,     0.00, 8.76612E-007,     1.71
Line.L60, 0.00154218,    64.51, 0.00377166,   -68.09, 0.00330993,  -172.65,          0,     0.00, 0.00280563,  -115.59, 5.70869E-006,    52.21, 1.46552E-005,   -62.60, 1.37241E-005,  -177.95,          0,     0.00, 9.63655E-006,  -111.12
Line.L66, 0.000937862,    28.19,          0,     0.00,          0,     0.00,          0,     0.00, 0.000937862,    28.19, 0.000763501,  -151.81,          0,     0.00,          0,     0.00,          0,     0.00, 0.000763501,  -151.81
Line.L67,  0.0135393,    36.00,   0.034026,   -62.84,  0.0461694,  -173.05,          0,     0.00,  0.0339539,  -124.73,  0.0129535,  -144.29,  0.0320635,   116.87,  0.0442674,     7.32,          0,     0.00,  0.0326928,    54.69
Line.L68, 0.00865928,    39.12,  0.0268663,   -60.37,   0.028268,  -177.80,          0,     0.00,  0.0206907,  -113.49, 0.00812419,  -141.09,  0.0250772,   119.47,  0.0265232,     2.44,          0,     0.00,   0.019506,    66.30
Line.L69, 0.000763333,    28.19,          0,     0.00,          0,     0.00,          0,     0.00, 0.000763333,    28.19, 0.000523587,  -151.81,          0,     0.00,          0,     0.00,          0,     0.00, 0.000523587,  -151.81
Line.L7,    1032.42,   -87.70,   0.139313,   -62.35,   0.149455,  -176.65,          0,     0.00,    1032.55,   -87.70,    1032.42,    92.30,   0.137948,   117.68,   0.148283,     3.38,          0,     0.00,    1032.55,    92.30
Line.L70, 0.000523419,    28.19,          0,     0.00,          0,     0.00,          0,     0.00, 0.000523419,    28.19, 0.000240082,  -151.81,          0,     0.00,          0,     0.00,          0,     0.00, 0.000240082,  -151.81
Line.L71, 0.000239914,    28.19,          0,     0.00,          0,     0.00,          0,     0.00, 0.000239914,    28.19, 1.67725E-007,  -151.82,          0,     0.00,          0,     0.00,          0,     0.00, 1.67725E-007,  -151.82
Line.L72, 0.00541197,  -165.73,          0,     0.00,          0,     0.00,          0,     0.00, 0.00541197,  -165.73,  0.0039608,    14.27,          0,     0.00,          0,     0.00,          0,     0.00,  0.0039608,    14.27
Line.L73,  0.0129535,    35.71,  0.0320635,   -63.13,  0.0389008,  -173.65,          0,     0.00,  0.0287871,  -118.31,  0.0125277,  -144.51,  0.0306368,   116.64,  0.0375153,     6.64,          0,     0.00,  0.0278478,    61.41
Line.L74, 0.00395978,  -165.73,          0,     0.00,          0,     0.00,          0,     0.00, 0.00395978,  -165.73, 0.00211283,    14.27,          0,     0.00,          0,     0.00,          0,     0.00, 0.00211283,    14.27
Line.L75, 0.00211182,  -165.73,          0,     0.00,          0,     0.00,          0,     0.00, 0.00211182,  -165.73, 1.0153E-006,    14.25,          0,     0.00,          0,     0.00,          0,     0.00, 1.0153E-006,    14.25
Line.L76, 0.00547037,    34.78,  0.0124434,   -63.97,   0.018911,  -171.43,          0,     0.00,  0.0139582,  -128.80, 0.00430347,  -145.22, 0.00978952,   116.03,  0.0161663,     9.03,          0,     0.00,  0.0120414,    47.50
Line.L77, 0.00705767,    36.03,  0.0181925,   -62.95,  0.0186239,  -175.32,          0,     0.00,  0.0143232,  -108.65, 0.00556851,  -145.68,  0.0132037,   115.21,  0.0137657,     6.85,          0,     0.00,  0.0110005,    71.76
Line.L78, 0.00430347,    34.78, 0.00978842,   -63.97,  0.0161663,  -170.97,          0,     0.00,  0.0120409,  -132.51, 0.00401175,  -145.22, 0.00912495,   116.03,  0.0154803,     9.16,          0,     0.00,  0.0115712,    46.38
Line.L79, 0.000656547,    34.78, 0.00149282,   -63.97, 0.00154591,  -174.11,          0,     0.00, 0.00117656,  -106.97, 1.67769E-007,  -151.83, 7.71732E-012,   135.00, 8.13477E-012,    26.57,          0,     0.00, 1.67763E-007,  -151.83
Line.L8, 0.00108912,   -63.74,          0,     0.00,          0,     0.00,          0,     0.00, 0.00108912,   -63.74, 9.30648E-007,   116.27,          0,     0.00,          0,     0.00,          0,     0.00, 9.30648E-007,   116.27
Line.L80,  0.0033552,    34.78, 0.00763213,   -63.97,  0.0139372,  -170.47,          0,     0.00,  0.0105329,  -136.50, 0.00196951,  -145.22, 0.00448062,   116.03,  0.0106822,    10.64,          0,     0.00, 0.00846042,    35.18
Line.L81, 0.00196951,    34.78, 0.00447953,   -63.97,  0.0106822,  -169.36,          0,     0.00,  0.0084601,  -144.82, 0.00145899,  -145.22, 0.00331845,   116.03,  0.0094845,    11.24,          0,     0.00, 0.00775779,    31.03
Line.L82, 0.00145899,    34.78, 0.00331845,   -63.97, 0.00343735,  -174.11,          0,     0.00, 0.00261644,  -106.99, 0.000729678,  -145.22, 0.00165976,   116.03, 0.00171967,     5.89,          0,     0.00, 0.00130902,    72.99
Line.L83, 0.000729511,    34.79, 0.00165976,   -63.97, 0.00171967,  -174.11,          0,     0.00, 0.00130914,  -107.02, 1.99791E-007,  -144.48, 1.07268E-006,   109.85, 2.00738E-006,    13.35,          0,     0.00, 1.96824E-006,    43.56
Line.L84, 0.00607061,  -165.73,          0,     0.00,          0,     0.00,          0,     0.00, 0.00607061,  -165.73, 0.00250862,    14.27,          0,     0.00,          0,     0.00,          0,     0.00, 0.00250862,    14.27
Line.L86, 0.00556851,    34.32,  0.0132026,   -64.79,  0.0137657,  -173.15,          0,     0.00,  0.0109996,  -108.25, 0.00425581,  -145.82,  0.0102173,   114.97,  0.0106744,     7.13,          0,     0.00, 0.00864694,    71.41
Line.L87, 0.000152901,    28.19,          0,     0.00,          0,     0.00,          0,     0.00, 0.000152901,    28.19, 3.35665E-007,  -151.82,          0,     0.00,          0,     0.00,          0,     0.00, 3.35665E-007,  -151.82
Line.L88, 0.00410377,    34.40,  0.0102162,   -65.03,  0.0106744,  -172.87,          0,     0.00, 0.00875812,  -109.28, 0.00330155,  -145.69, 0.00839205,   114.74, 0.00878549,     7.39,          0,     0.00, 0.00732135,    70.26
Line.L89, 0.00143476,   -71.52,          0,     0.00,          0,     0.00,          0,     0.00, 0.00143476,   -71.52, 2.20569E-006,   108.48,          0,     0.00,          0,     0.00,          0,     0.00, 2.20569E-006,   108.48
Line.L9, 0.00331107,    58.08,          0,     0.00,          0,     0.00,          0,     0.00, 0.00331107,    58.08, 0.00252434,  -121.92,          0,     0.00,          0,     0.00,          0,     0.00, 0.00252434,  -121.92
Line.L90, 0.00330155,    34.31,  0.0069676,   -63.97, 0.00878549,  -172.61,          0,     0.00, 0.00625746,  -117.89,  0.0026452,  -145.81, 0.00547478,   116.03, 0.00724023,     7.72,          0,     0.00, 0.00510695,    59.60
Line.L91, 0.00158514,  -165.73,          0,     0.00,          0,     0.00,          0,     0.00, 0.00158514,  -165.73, 2.0306E-006,    14.27,          0,     0.00,          0,     0.00,          0,     0.00, 2.0306E-006,    14.27
Line.L92,  0.0026452,    34.19, 0.00547478,   -63.97, 0.00566834,  -174.11,          0,     0.00, 0.00414877,  -104.63, 0.00198887,  -146.01, 0.00398195,   116.03, 0.00412243,     5.89,          0,     0.00, 0.00297346,    76.30
Line.L93, 0.000239913,    28.19,          0,     0.00,          0,     0.00,          0,     0.00, 0.000239913,    28.19, 1.67724E-007,  -151.82,          0,     0.00,          0,     0.00,          0,     0.00, 1.67724E-007,  -151.82
Line.L94, 0.00175035,    34.78, 0.00398195,   -63.97, 0.00412243,  -174.11,          0,     0.00, 0.00313873,  -106.96, 0.000875175,  -145.22, 0.00199152,   116.03, 0.00206122,     5.89,          0,     0.00, 0.00156981,    73.05
Line.L95, 0.000875175,    34.78, 0.00199043,   -63.97, 0.00206122,  -174.11,          0,     0.00, 0.00156891,  -106.97, 3.63798E-012,   -90.00, 5.47588E-012,   -94.76, 6.55846E-012,    33.69,          0,     0.00, 7.40275E-012,   -47.49
Line.L96, 0.00412748,    42.38,  0.0137883,   -58.10,  0.0134644,   178.58,          0,     0.00,   0.009142,  -109.99, 0.00353786,  -137.62,  0.0118187,   121.90,   0.011541,    -1.42,          0,     0.00, 0.00783619,    70.01
Line.L97,  0.0035377,    42.38,  0.0118187,   -58.10,   0.011541,   178.58,          0,     0.00, 0.00783632,  -109.99, 0.00235847,  -137.62, 0.00787948,   121.90, 0.00769436,    -1.42,          0,     0.00, 0.00522469,    70.01
Line.L98, 0.00235847,    42.38, 0.00787841,   -58.10, 0.00769436,   178.58,          0,     0.00, 0.00522383,  -110.00, 0.00171525,  -137.62, 0.00572975,   121.90, 0.00559616,    -1.42,          0,     0.00,  0.0037993,    70.00
Line.L99, 0.00171525,    42.38, 0.00572975,   -58.10, 0.00559519,   178.58,          0,     0.00, 0.00379873,  -109.99, 4.54747E-013,   -90.00, 1.01685E-012,  -153.43, 9.09495E-013,    90.00,          0,     0.00, 9.09495E-013,   180.00
Line.L14, 0.000869352,    58.08,          0,     0.00,          0,     0.00,          0,     0.00, 0.000869352,    58.08, 6.68628E-007,  -121.92,          0,     0.00,          0,     0.00,          0,     0.00, 6.68628E-007,  -121.92
Line.L85,  0.0025076,  -165.73,          0,     0.00,          0,     0.00,          0,     0.00,  0.0025076,  -165.73, 1.01565E-006,    14.27,          0,     0.00,          0,     0.00,          0,     0.00, 1.01565E-006,    14.27
Line.L61,    1032.48,   -87.70, 3.25396E-006,   -73.70, 4.06352E-006,  -165.52,          0,     0.00,    1032.48,   -87.70,    1032.48,    92.30, 3.25396E-006,   106.30, 4.06352E-006,    14.48,          0,     0.00,    1032.48,    92.30
Line.L62,    1032.48,   -87.70, 3.25396E-006,   -73.70, 3.04832E-006,  -165.60,          0,     0.00,    1032.48,   -87.70,    1032.48,    92.30, 3.25396E-006,   106.30, 3.04832E-006,    14.40,          0,     0.00,    1032.48,    92.30
Line.L63, 4.56649E-008,    62.28, 3.25396E-006,   -73.70, 3.04832E-006,  -165.60,          0,     0.00, 4.33884E-006,  -117.72, 4.56649E-008,  -117.72, 3.25396E-006,   106.30, 3.04832E-006,    14.40,          0,     0.00, 4.33884E-006,    62.28
Line.L64, 4.56657E-008,    62.28, 2.14701E-006,   -73.42, 3.04832E-006,  -165.60,          0,     0.00, 3.61644E-006,  -129.87, 4.56657E-008,  -117.72, 2.14701E-006,   106.58, 3.04832E-006,    14.40,          0,     0.00, 3.61644E-006,    50.13
Line.L65, 9.71341E-013,   110.56, 1.20851E-012,   -48.81, 1.03709E-006,  -164.97,          0,     0.00, 1.03709E-006,  -164.97, 9.71341E-013,   -69.44, 1.20851E-012,   131.19, 1.03709E-006,    15.03,          0,     0.00, 1.03709E-006,    15.03
Line.CAP 1, 1.9972E-007,    35.51, 1.07275E-006,   -70.14, 9.92838E-007,  -167.55,          0,     0.00, 1.19212E-006,  -111.79, 8.45134E-011,    63.98, 2.35489E-010,   163.63, 4.65661E-010,    90.00,          0,     0.00, 6.36649E-010,   107.26
Line.CAP 2, 1.67668E-007,    28.17,          0,     0.00,          0,     0.00,          0,     0.00, 1.67668E-007,    28.17, 4.36557E-011,     0.00,          0,     0.00,          0,     0.00,          0,     0.00, 4.36557E-011,     0.00
Line.CAP 3, 1.10283E-006,   -71.52,          0,     0.00,          0,     0.00,          0,     0.00, 1.10283E-006,   -71.52, 2.60313E-010,    26.57,          0,     0.00,          0,     0.00,          0,     0.00, 2.60313E-010,    26.57
Line.CAP 4, 1.01567E-006,  -165.75,          0,     0.00,          0,     0.00,          0,     0.00, 1.01567E-006,  -165.75, 2.32831E-010,   -90.00,          0,     0.00,          0,     0.00,          0,     0.00, 2.32831E-010,   -90.00
Line.CONN 02, 6.22733E-007,    57.47, 9.43474E-007,   -64.27, 8.93777E-007,  -175.71,          0,     0.00, 4.18361E-007,  -110.55, 3.90224E-010,   -82.77, 1.75736E-010,    67.42, 4.65661E-010,     0.00,          0,     0.00, 6.24164E-010,   -21.11
Line.LOAD.231C,          0,     0.00,          0,     0.00,          0,     0.00,          0,     0.00,          0,     0.00,          0,     0.00,          0,     0.00,          0,     0.00,          0,     0.00,          0,     0.00
Line.LOAD.S100C, 1.01522E-006,  -165.74,          0,     0.00,          0,     0.00,          0,     0.00, 1.01522E-006,  -165.74,          0,     0.00,          0,     0.00,          0,     0.00,          0,     0.00,          0,     0.00
Line.LOAD.S102C, 1.01516E-006,  -165.75,          0,     0.00,          0,     0.00,          0,     0.00, 1.01516E-006,  -165.75, 5.20625E-010,  -116.57,          0,     0.00,          0,     0.00,          0,     0.00, 5.20625E-010,  -116.57
Line.LOAD.S103C, 1.01528E-006,  -165.73,          0,     0.00,          0,     0.00,          0,     0.00, 1.01528E-006,  -165.73, 3.29272E-010,   135.00,          0,     0.00,          0,     0.00,          0,     0.00, 3.29272E-010,   135.00
Line.LOAD.S104C, 1.01522E-006,  -165.74,          0,     0.00,          0,     0.00,          0,     0.00, 1.01522E-006,  -165.74,          0,     0.00,          0,     0.00,          0,     0.00,          0,     0.00,          0,     0.00
Line.LOAD.S106B, 1.10213E-006,   -71.54,          0,     0.00,          0,     0.00,          0,     0.00, 1.10213E-006,   -71.54, 2.32831E-010,     0.00,          0,     0.00,          0,     0.00,          0,     0.00, 2.32831E-010,     0.00
Line.LOAD.S107B, 1.10261E-006,   -71.52,          0,     0.00,          0,     0.00,          0,     0.00, 1.10261E-006,   -71.52, 2.60313E-010,   -26.57,          0,     0.00,          0,     0.00,          0,     0.00, 2.60313E-010,   -26.57
Line.LOAD.S109A, 1.67732E-007,    28.16,          0,     0.00,          0,     0.00,          0,     0.00, 1.67732E-007,    28.16, 2.91038E-011,   180.00,          0,     0.00,          0,     0.00,          0,     0.00, 2.91038E-011,   180.00
Line.LOAD.S10A, 6.68545E-007,    58.07,          0,     0.00,          0,     0.00,          0,     0.00, 6.68545E-007,    58.07, 1.16415E-010,   180.00,          0,     0.00,          0,     0.00,          0,     0.00, 1.16415E-010,   180.00
Line.LOAD.S111A, 1.6776E-007,    28.18,          0,     0.00,          0,     0.00,          0,     0.00, 1.6776E-007,    28.18,          0,     0.00,          0,     0.00,          0,     0.00,          0,     0.00,          0,     0.00
Line.LOAD.S112A, 1.67681E-007,    28.17,          0,     0.00,          0,     0.00,          0,     0.00, 1.67681E-007,    28.17, 6.50781E-011,    63.43,          0,     0.00,          0,     0.00,          0,     0.00, 6.50781E-011,    63.43
Line.LOAD.S113A, 1.67734E-007,    28.18,          0,     0.00,          0,     0.00,          0,     0.00, 1.67734E-007,    28.18,          0,     0.00,          0,     0.00,          0,     0.00,          0,     0.00,          0,     0.00
Line.LOAD.S114A, 1.67762E-007,    28.20,          0,     0.00,          0,     0.00,          0,     0.00, 1.67762E-007,    28.20, 2.91038E-011,     0.00,          0,     0.00,          0,     0.00,          0,     0.00, 2.91038E-011,     0.00
Line.LOAD.S11A, 6.68545E-007,    58.07,          0,     0.00,          0,     0.00,          0,     0.00, 6.68545E-007,    58.07, 1.16415E-010,   180.00,          0,     0.00,          0,     0.00,          0,     0.00, 1.16415E-010,   180.00
Line.LOAD.S12B, 9.30579E-007,   -63.75,          0,     0.00,          0,     0.00,          0,     0.00, 9.30579E-007,   -63.75, 1.16415E-010,    90.00,          0,     0.00,          0,     0.00,          0,     0.00, 1.16415E-010,    90.00
Line.LOAD.S16C, 8.99253E-007,  -174.90,          0,     0.00,          0,     0.00,          0,     0.00, 8.99253E-007,  -174.90, 3.29272E-010,  -135.00,          0,     0.00,          0,     0.00,          0,     0.00, 3.29272E-010,  -135.00
Line.LOAD.S17C, 8.99464E-007,  -174.92,          0,     0.00,          0,     0.00,          0,     0.00, 8.99464E-007,  -174.92, 2.32831E-010,   -90.00,          0,     0.00,          0,     0.00,          0,     0.00, 2.32831E-010,   -90.00
Line.LOAD.S19A, 6.0915E-007,    57.19,          0,     0.00,          0,     0.00,          0,     0.00, 6.0915E-007,    57.19, 2.32831E-010,    90.00,          0,     0.00,          0,     0.00,          0,     0.00, 2.32831E-010,    90.00
Line.LOAD.S1A, 7.79422E-007,    59.25,          0,     0.00,          0,     0.00,          0,     0.00, 7.79422E-007,    59.25, 1.16415E-010,     0.00,          0,     0.00,          0,     0.00,          0,     0.00, 1.16415E-010,     0.00
Line.LOAD.S20A, 6.08954E-007,    57.18,          0,     0.00,          0,     0.00,          0,     0.00, 6.08954E-007,    57.18, 5.82077E-011,   180.00,          0,     0.00,          0,     0.00,          0,     0.00, 5.82077E-011,   180.00
Line.LOAD.S22B, 9.52729E-007,   -64.87,          0,     0.00,          0,     0.00,          0,     0.00, 9.52729E-007,   -64.87, 2.60313E-010,   -26.57,          0,     0.00,          0,     0.00,          0,     0.00, 2.60313E-010,   -26.57
Line.LOAD.S24C, 8.99716E-007,  -174.91,          0,     0.00,          0,     0.00,          0,     0.00, 8.99716E-007,  -174.91, 2.32831E-010,     0.00,          0,     0.00,          0,     0.00,          0,     0.00, 2.32831E-010,     0.00
Line.LOAD.S28A, 6.22796E-007,    57.46, 9.43058E-007,   -64.28, 8.93545E-007,  -175.71,          0,     0.00, 4.17993E-007,  -110.55, 1.98887E-010,  -129.12, 5.16152E-010,   -54.42, 3.29272E-010,    45.00,          0,     0.00, 5.31621E-010,   -39.94
Line.LOAD.S29A, 6.09118E-007,    57.20,          0,     0.00,          0,     0.00,          0,     0.00, 6.09118E-007,    57.20,          0,     0.00,          0,     0.00,          0,     0.00,          0,     0.00,          0,     0.00
Line.LOAD.S2B, 8.94426E-007,   -61.70,          0,     0.00,          0,     0.00,          0,     0.00, 8.94426E-007,   -61.70, 4.79993E-010,   165.96,          0,     0.00,          0,     0.00,          0,     0.00, 4.79993E-010,   165.96
Line.LOAD.S30C, 8.99253E-007,  -174.90,          0,     0.00,          0,     0.00,          0,     0.00, 8.99253E-007,  -174.90,          0,     0.00,          0,     0.00,          0,     0.00,          0,     0.00,          0,     0.00
Line.LOAD.S32C,          0,     0.00,          0,     0.00,          0,     0.00,          0,     0.00,          0,     0.00,          0,     0.00,          0,     0.00,          0,     0.00,          0,     0.00,          0,     0.00
Line.LOAD.S33A, 6.08922E-007,    57.19,          0,     0.00,          0,     0.00,          0,     0.00, 6.08922E-007,    57.19, 2.32831E-010,    90.00,          0,     0.00,          0,     0.00,          0,     0.00, 2.32831E-010,    90.00
Line.LOAD.S34C, 8.99253E-007,  -174.90,          0,     0.00,          0,     0.00,          0,     0.00, 8.99253E-007,  -174.90, 3.29272E-010,  -135.00,          0,     0.00,          0,     0.00,          0,     0.00, 3.29272E-010,  -135.00
Line.LOAD.S35A, 6.06369E-007,    59.50, 9.33671E-007,   -65.83,          0,     0.00,          0,     0.00, 7.64615E-007,   -25.51, 3.74733E-011,   119.30, 2.60313E-010,   -26.57,          0,     0.00,          0,     0.00, 2.30259E-010,   -21.32
Line.LOAD.S37A, 6.08954E-007,    57.18,          0,     0.00,          0,     0.00,          0,     0.00, 6.08954E-007,    57.18, 2.32831E-010,    90.00,          0,     0.00,          0,     0.00,          0,     0.00, 2.32831E-010,    90.00
Line.LOAD.S38B,          0,     0.00,          0,     0.00,          0,     0.00,          0,     0.00,          0,     0.00,          0,     0.00,          0,     0.00,          0,     0.00,          0,     0.00,          0,     0.00
Line.LOAD.S39B,          0,     0.00,          0,     0.00,          0,     0.00,          0,     0.00,          0,     0.00,          0,     0.00,          0,     0.00,          0,     0.00,          0,     0.00,          0,     0.00
Line.LOAD.S41C, 8.99505E-007,  -174.89,          0,     0.00,          0,     0.00,          0,     0.00, 8.99505E-007,  -174.89,          0,     0.00,          0,     0.00,          0,     0.00,          0,     0.00,          0,     0.00
Line.LOAD.S42A, 6.08985E-007,    57.18,          0,     0.00,          0,     0.00,          0,     0.00, 6.08985E-007,    57.18, 5.82077E-011,   180.00,          0,     0.00,          0,     0.00,          0,     0.00, 5.82077E-011,   180.00
Line.LOAD.S43B, 9.52841E-007,   -64.88,          0,     0.00,          0,     0.00,          0,     0.00, 9.52841E-007,   -64.88, 4.79993E-010,    14.04,          0,     0.00,          0,     0.00,          0,     0.00, 4.79993E-010,    14.04
Line.LOAD.S45A, 6.09118E-007,    57.20,          0,     0.00,          0,     0.00,          0,     0.00, 6.09118E-007,    57.20,          0,     0.00,          0,     0.00,          0,     0.00,          0,     0.00,          0,     0.00
Line.LOAD.S46A, 6.0915E-007,    57.19,          0,     0.00,          0,     0.00,          0,     0.00, 6.0915E-007,    57.19, 5.82077E-011,   180.00,          0,     0.00,          0,     0.00,          0,     0.00, 5.82077E-011,   180.00
Line.LOAD.S47, 6.22671E-007,    57.48, 9.43369E-007,   -64.27, 8.93545E-007,  -175.71,          0,     0.00, 4.18211E-007,  -110.54, 4.01711E-010,   -74.50, 8.15852E-011,    34.19, 5.20625E-010,    26.57,          0,     0.00, 6.49612E-010,    -9.61
Line.LOAD.S48, 6.22568E-007,    57.45, 9.42957E-007,   -64.29, 8.93795E-007,  -175.70,          0,     0.00, 4.18613E-007,  -110.60, 1.54536E-010,   -93.36, 5.16171E-010,   -54.42, 7.36275E-010,    18.43,          0,     0.00, 1.04692E-009,   -19.02
Line.LOAD.S49A, 6.09086E-007,    57.20,          0,     0.00,          0,     0.00,          0,     0.00, 6.09086E-007,    57.20, 2.39996E-010,   -75.96,          0,     0.00,          0,     0.00,          0,     0.00, 2.39996E-010,   -75.96
Line.LOAD.S49B, 9.52841E-007,   -64.88,          0,     0.00,          0,     0.00,          0,     0.00, 9.52841E-007,   -64.88, 4.79993E-010,    14.04,          0,     0.00,          0,     0.00,          0,     0.00, 4.79993E-010,    14.04
Line.LOAD.S49C, 8.99485E-007,  -174.91,          0,     0.00,          0,     0.00,          0,     0.00, 8.99485E-007,  -174.91,          0,     0.00,          0,     0.00,          0,     0.00,          0,     0.00,          0,     0.00
Line.LOAD.S4C, 8.76297E-007,  -178.29,          0,     0.00,          0,     0.00,          0,     0.00, 8.76297E-007,  -178.29, 3.29272E-010,  -135.00,          0,     0.00,          0,     0.00,          0,     0.00, 3.29272E-010,  -135.00
Line.LOAD.S50C, 8.99253E-007,  -174.90,          0,     0.00,          0,     0.00,          0,     0.00, 8.99253E-007,  -174.90, 3.29272E-010,  -135.00,          0,     0.00,          0,     0.00,          0,     0.00, 3.29272E-010,  -135.00
Line.LOAD.S51A, 6.09118E-007,    57.20,          0,     0.00,          0,     0.00,          0,     0.00, 6.09118E-007,    57.20, 2.39996E-010,   -75.96,          0,     0.00,          0,     0.00,          0,     0.00, 2.39996E-010,   -75.96
Line.LOAD.S52A, 4.42056E-007,    53.36,          0,     0.00,          0,     0.00,          0,     0.00, 4.42056E-007,    53.36, 1.30156E-010,   -63.43,          0,     0.00,          0,     0.00,          0,     0.00, 1.30156E-010,   -63.43
Line.LOAD.S53A, 4.00205E-007,    51.95,          0,     0.00,          0,     0.00,          0,     0.00, 4.00205E-007,    51.95, 5.82077E-011,     0.00,          0,     0.00,          0,     0.00,          0,     0.00, 5.82077E-011,     0.00
Line.LOAD.S55A, 3.7414E-007,    50.90,          0,     0.00,          0,     0.00,          0,     0.00, 3.7414E-007,    50.90, 1.30156E-010,    63.43,          0,     0.00,          0,     0.00,          0,     0.00, 1.30156E-010,    63.43
Line.LOAD.S56B, 1.03516E-006,   -68.80,          0,     0.00,          0,     0.00,          0,     0.00, 1.03516E-006,   -68.80, 2.32831E-010,   -90.00,          0,     0.00,          0,     0.00,          0,     0.00, 2.32831E-010,   -90.00
Line.LOAD.S58B, 1.05456E-006,   -69.72,          0,     0.00,          0,     0.00,          0,     0.00, 1.05456E-006,   -69.72, 1.16415E-010,    90.00,          0,     0.00,          0,     0.00,          0,     0.00, 1.16415E-010,    90.00
Line.LOAD.S59B, 1.05453E-006,   -69.70,          0,     0.00,          0,     0.00,          0,     0.00, 1.05453E-006,   -69.70, 2.32831E-010,   180.00,          0,     0.00,          0,     0.00,          0,     0.00, 2.32831E-010,   180.00
Line.LOAD.S5C, 8.76297E-007,  -178.29,          0,     0.00,          0,     0.00,          0,     0.00, 8.76297E-007,  -178.29, 2.32831E-010,   180.00,          0,     0.00,          0,     0.00,          0,     0.00, 2.32831E-010,   180.00
Line.LOAD.S60A, 1.59712E-007,    28.16,          0,     0.00,          0,     0.00,          0,     0.00, 1.59712E-007,    28.16, 5.82077E-011,    90.00,          0,     0.00,          0,     0.00,          0,     0.00, 5.82077E-011,    90.00
Line.LOAD.S62C, 1.01506E-006,  -165.28,          0,     0.00,          0,     0.00,          0,     0.00, 1.01506E-006,  -165.28, 1.16415E-010,     0.00,          0,     0.00,          0,     0.00,          0,     0.00, 1.16415E-010,     0.00
Line.LOAD.S63A, 3.56876E-014,     2.30,          0,     0.00,          0,     0.00,          0,     0.00, 3.56876E-014,     2.30, 9.81308E-018,   135.00,          0,     0.00,          0,     0.00,          0,     0.00, 9.81308E-018,   135.00
Line.LOAD.S64B, 1.10645E-006,   -74.26,          0,     0.00,          0,     0.00,          0,     0.00, 1.10645E-006,   -74.26, 3.29272E-010,   -45.00,          0,     0.00,          0,     0.00,          0,     0.00, 3.29272E-010,   -45.00
Line.LOAD.S65A, 3.3536E-008,   105.74, 1.07335E-006,   -74.25,          0,     0.00,          0,     0.00, 1.03981E-006,   -74.25, 1.27436E-017,   130.22, 2.32831E-010,   -90.00,          0,     0.00,          0,     0.00, 2.32831E-010,   -90.00
Line.LOAD.S65B, 1.0741E-006,   -72.59, 1.00681E-006,  -166.86,          0,     0.00,          0,     0.00, 1.4165E-006,  -117.73, 3.53084E-010,   -84.10, 3.29272E-010,    45.00,          0,     0.00,          0,     0.00, 2.94022E-010,   -23.74
Line.LOAD.S65C, 3.14149E-008,    15.03, 1.00582E-006,  -164.96,          0,     0.00,          0,     0.00, 9.74409E-007,  -164.96, 1.3491E-017,   153.39, 5.20625E-010,    26.57,          0,     0.00,          0,     0.00, 5.20625E-010,    26.57
Line.LOAD.S66C, 1.03666E-006,  -164.96,          0,     0.00,          0,     0.00,          0,     0.00, 1.03666E-006,  -164.96,          0,     0.00,          0,     0.00,          0,     0.00,          0,     0.00,          0,     0.00
Line.LOAD.S68A, 1.6776E-007,    28.18,          0,     0.00,          0,     0.00,          0,     0.00, 1.6776E-007,    28.18,          0,     0.00,          0,     0.00,          0,     0.00,          0,     0.00,          0,     0.00
Line.LOAD.S69A, 1.67655E-007,    28.18,          0,     0.00,          0,     0.00,          0,     0.00, 1.67655E-007,    28.18, 5.82077E-011,     0.00,          0,     0.00,          0,     0.00,          0,     0.00, 5.82077E-011,     0.00
Line.LOAD.S6C, 8.76311E-007,  -178.26,          0,     0.00,          0,     0.00,          0,     0.00, 8.76311E-007,  -178.26, 2.32831E-010,   180.00,          0,     0.00,          0,     0.00,          0,     0.00, 2.32831E-010,   180.00
Line.LOAD.S70A, 1.67721E-007,    28.19,          0,     0.00,          0,     0.00,          0,     0.00, 1.67721E-007,    28.19, 1.45519E-011,     0.00,          0,     0.00,          0,     0.00,          0,     0.00, 1.45519E-011,     0.00
Line.LOAD.S71A, 1.67721E-007,    28.19,          0,     0.00,          0,     0.00,          0,     0.00, 1.67721E-007,    28.19, 1.45519E-011,     0.00,          0,     0.00,          0,     0.00,          0,     0.00, 1.45519E-011,     0.00
Line.LOAD.S73C, 1.01528E-006,  -165.73,          0,     0.00,          0,     0.00,          0,     0.00, 1.01528E-006,  -165.73,          0,     0.00,          0,     0.00,          0,     0.00,          0,     0.00,          0,     0.00
Line.LOAD.S74C, 1.01528E-006,  -165.73,          0,     0.00,          0,     0.00,          0,     0.00, 1.01528E-006,  -165.73, 4.65661E-010,   180.00,          0,     0.00,          0,     0.00,          0,     0.00, 4.65661E-010,   180.00
Line.LOAD.S75C, 1.01528E-006,  -165.73,          0,     0.00,          0,     0.00,          0,     0.00, 1.01528E-006,  -165.73,          0,     0.00,          0,     0.00,          0,     0.00,          0,     0.00,          0,     0.00
Line.LOAD.S76A, 1.71513E-007,    39.27, 1.0704E-006,   -71.79,          0,     0.00,          0,     0.00, 1.02141E-006,   -62.77, 5.05053E-011,  -105.49, 5.20625E-010,   116.57,          0,     0.00,          0,     0.00, 4.84305E-010,   120.57
Line.LOAD.S76B, 1.07186E-006,   -69.87, 9.87512E-007,  -167.64,          0,     0.00,          0,     0.00, 1.35576E-006,  -116.07, 6.67433E-011,    84.11, 2.32831E-010,    90.00,          0,     0.00,          0,     0.00, 2.993E-010,    88.69
Line.LOAD.S76C, 1.92707E-007,    25.97, 9.89478E-007,  -165.64,          0,     0.00,          0,     0.00, 8.01657E-007,  -168.41, 3.77068E-011,   167.47, 2.32831E-010,    90.00,          0,     0.00,          0,     0.00, 2.43809E-010,    98.68
Line.LOAD.S77B, 1.10279E-006,   -71.51,          0,     0.00,          0,     0.00,          0,     0.00, 1.10279E-006,   -71.51, 2.32831E-010,   180.00,          0,     0.00,          0,     0.00,          0,     0.00, 2.32831E-010,   180.00
Line.LOAD.S79A, 1.67707E-007,    28.17,          0,     0.00,          0,     0.00,          0,     0.00, 1.67707E-007,    28.17,          0,     0.00,          0,     0.00,          0,     0.00,          0,     0.00,          0,     0.00
Line.LOAD.S7A, 7.15489E-007,    58.60,          0,     0.00,          0,     0.00,          0,     0.00, 7.15489E-007,    58.60,          0,     0.00,          0,     0.00,          0,     0.00,          0,     0.00,          0,     0.00
Line.LOAD.S80B, 1.10261E-006,   -71.52,          0,     0.00,          0,     0.00,          0,     0.00, 1.10261E-006,   -71.52, 2.60313E-010,   -26.57,          0,     0.00,          0,     0.00,          0,     0.00, 2.60313E-010,   -26.57
Line.LOAD.S82A, 1.67721E-007,    28.19,          0,     0.00,          0,     0.00,          0,     0.00, 1.67721E-007,    28.19, 1.45519E-011,     0.00,          0,     0.00,          0,     0.00,          0,     0.00, 1.45519E-011,     0.00
Line.LOAD.S83C, 1.01522E-006,  -165.74,          0,     0.00,          0,     0.00,          0,     0.00, 1.01522E-006,  -165.74, 2.32831E-010,   -90.00,          0,     0.00,          0,     0.00,          0,     0.00, 2.32831E-010,   -90.00
Line.LOAD.S84C, 1.01528E-006,  -165.73,          0,     0.00,          0,     0.00,          0,     0.00, 1.01528E-006,  -165.73, 2.32831E-010,   180.00,          0,     0.00,          0,     0.00,          0,     0.00, 2.32831E-010,   180.00
Line.LOAD.S85C, 1.01522E-006,  -165.74,          0,     0.00,          0,     0.00,          0,     0.00, 1.01522E-006,  -165.74, 2.32831E-010,   180.00,          0,     0.00,          0,     0.00,          0,     0.00, 2.32831E-010,   180.00
Line.LOAD.S86B, 1.10272E-006,   -71.52,          0,     0.00,          0,     0.00,          0,     0.00, 1.10272E-006,   -71.52, 2.32831E-010,     0.00,          0,     0.00,          0,     0.00,          0,     0.00, 2.32831E-010,     0.00
Line.LOAD.S87B, 1.1025E-006,   -71.52,          0,     0.00,          0,     0.00,          0,     0.00, 1.1025E-006,   -71.52, 2.32831E-010,    90.00,          0,     0.00,          0,     0.00,          0,     0.00, 2.32831E-010,    90.00
Line.LOAD.S88A, 1.67668E-007,    28.17,          0,     0.00,          0,     0.00,          0,     0.00, 1.67668E-007,    28.17, 4.36557E-011,     0.00,          0,     0.00,          0,     0.00,          0,     0.00, 4.36557E-011,     0.00
Line.LOAD.S90B, 1.10283E-006,   -71.52,          0,     0.00,          0,     0.00,          0,     0.00, 1.10283E-006,   -71.52, 2.60313E-010,    26.57,          0,     0.00,          0,     0.00,          0,     0.00, 2.60313E-010,    26.57
Line.LOAD.S92C, 1.01567E-006,  -165.75,          0,     0.00,          0,     0.00,          0,     0.00, 1.01567E-006,  -165.75, 2.32831E-010,   -90.00,          0,     0.00,          0,     0.00,          0,     0.00, 2.32831E-010,   -90.00
Line.LOAD.S94A, 1.67747E-007,    28.18,          0,     0.00,          0,     0.00,          0,     0.00, 1.67747E-007,    28.18, 5.99991E-011,  -104.04,          0,     0.00,          0,     0.00,          0,     0.00, 5.99991E-011,  -104.04
Line.LOAD.S95B, 1.10228E-006,   -71.52,          0,     0.00,          0,     0.00,          0,     0.00, 1.10228E-006,   -71.52,          0,     0.00,          0,     0.00,          0,     0.00,          0,     0.00,          0,     0.00
Line.LOAD.S98A, 1.67721E-007,    28.19,          0,     0.00,          0,     0.00,          0,     0.00, 1.67721E-007,    28.19, 1.45519E-011,     0.00,          0,     0.00,          0,     0.00,          0,     0.00, 1.45519E-011,     0.00
Line.LOAD.S99B, 1.10261E-006,   -71.52,          0,     0.00,          0,     0.00,          0,     0.00, 1.10261E-006,   -71.52, 1.16415E-010,   -90.00,          0,     0.00,          0,     0.00,          0,     0.00, 1.16415E-010,   -90.00
Line.LOAD.S9A, 6.73012E-007,    58.10,          0,     0.00,          0,     0.00,          0,     0.00, 6.73012E-007,    58.10, 5.82077E-011,     0.00,          0,     0.00,          0,     0.00,          0,     0.00, 5.82077E-011,     0.00
Line.SW1,    1032.42,   -87.70,    0.14485,   -62.44,   0.158204,  -176.82,          0,     0.00,    1032.55,   -87.70,    1032.42,    92.30,    0.14485,   117.56,   0.158203,     3.18,          0,     0.00,    1032.55,    92.30
Line.SW2,    1032.46,   -87.70,  0.0913182,   -62.29,   0.101863,  -175.87,          0,     0.00,    1032.54,   -87.70,    1032.46,    92.30,  0.0885336,   117.68,  0.0991829,     4.23,          0,     0.00,    1032.54,    92.30
Line.SW3,  0.0184571,    61.66,  0.0241197,   -60.51,  0.0213293,   177.22,          0,     0.00, 0.00377323,  -100.21,  0.0184565,  -118.34,  0.0241188,   119.50,  0.0213284,    -2.78,          0,     0.00, 0.00377282,    79.79
Line.SW4,  0.0247682,    38.05,  0.0653801,   -61.70,  0.0808661,  -175.05,          0,     0.00,  0.0577259,  -121.38,  0.0236777,  -142.62,  0.0625022,   118.34,  0.0781735,     5.05,          0,     0.00,  0.0558761,    58.27
Line.SW5, 0.00401207,    35.34,  0.0113165,   -63.50,  0.0131207,  -173.60,          0,     0.00,     0.0104,  -116.97, 0.00401187,  -144.66,  0.0113155,   116.50,  0.0131197,     6.40,          0,     0.00,  0.0103988,    63.03
Line.SW6, 5.70874E-006,  -127.79, 1.46548E-005,   117.40, 1.37243E-005,     2.05,          0,     0.00, 9.63603E-006,    68.88, 5.89245E-006,    51.69, 1.5712E-005,   -63.11, 1.46722E-005,  -177.28,          0,     0.00, 1.08119E-005,  -111.12
Line.SW7, 0.00212793,    58.63,  0.0027756,   -61.17, 0.00268073,  -179.75,          0,     0.00, 0.000669018,  -110.51, 1.87497E-012,   104.04, 5.62491E-012,    75.96, 4.06738E-012,  -153.43,          0,     0.00, 6.10108E-012,   116.57
Line.SW8, 0.00115667,    50.91,          0,     0.00,          0,     0.00,          0,     0.00, 0.00115667,    50.91,          0,     0.00,          0,     0.00,          0,     0.00,          0,     0.00,          0,     0.00
Transformer.REG1A,    1077.58,   -87.70,    1077.58,    92.30,          0,     0.00,          0,     0.00, 0.000416494,  -120.03,    1032.42,    92.30,    1032.42,   -87.70,          0,     0.00,          0,     0.00, 0.000434707,  -120.03
Transformer.REG1B,   0.150311,   -62.45,   0.150727,   117.55,          0,     0.00,          0,     0.00, 0.000416752,   120.02,    0.14485,   117.56,   0.144416,   -62.45,          0,     0.00,          0,     0.00, 0.000434964,   120.02
Transformer.REG1C,   0.164247,  -176.81,   0.164664,     3.19,          0,     0.00,          0,     0.00, 0.000416957,    -0.04,   0.158204,     3.18,   0.157769,  -176.81,          0,     0.00,          0,     0.00, 0.000435181,    -0.04
Transformer.REG2A, 0.00252366,    58.08, 0.00286161,  -121.92,          0,     0.00,          0,     0.00, 0.000337955,  -121.92, 0.00321546,  -121.92, 0.00287961,    58.08,          0,     0.00,          0,     0.00, 0.000335847,  -121.92
Transformer.REG3A, 0.00195753,    57.19, 0.00226345,  -122.81,          0,     0.00,          0,     0.00, 0.000305911,  -122.81, 0.00256936,  -122.81, 0.00226345,    57.19,          0,     0.00,          0,     0.00, 0.000305918,  -122.81
Transformer.REG3C, 0.000897945,     5.09, 0.00044616,  -174.91,          0,     0.00,          0,     0.00, 0.000451785,     5.09, 7.45058E-009,     0.00, 0.000448958,     5.10,          0,     0.00,          0,     0.00, 0.000448966,     5.10
Transformer.REG4A,  0.0236777,    37.38,  0.0244702,  -142.92,          0,     0.00,          0,     0.00, 0.000802507,  -151.81,  0.0241378,  -143.23,   0.023305,    37.08,          0,     0.00,          0,     0.00, 0.00084264,  -151.81
Transformer.REG4B,  0.0625022,   -61.66,  0.0630445,   118.25,          0,     0.00,          0,     0.00, 0.000550409,   108.48,  0.0631988,   118.17,  0.0626529,   -61.75,          0,     0.00,          0,     0.00, 0.000553853,   108.48
Transformer.REG4C,  0.0781735,  -174.95,  0.0786617,     5.11,          0,     0.00,          0,     0.00, 0.000494589,    14.27,  0.0767816,     5.17,  0.0762781,  -174.89,          0,     0.00,          0,     0.00, 0.000510046,    14.27
Transformer.T 01,    22.5026,   -87.70, 0.00550202,   -27.98,    22.5053,    92.31,          0,     0.00, 1.74623E-010,    90.00,    1077.58,    92.30,   0.150311,   117.55,   0.164247,     3.19,    1077.72,   -87.70, 1.05367E-008,   -45.00
Transformer.XFM1, 5.89237E-006,  -128.31, 1.5712E-005,   116.89, 1.46718E-005,     2.72,          0,     0.00, 1.08115E-005,    68.88, 7.19019E-013,  -161.57, 4.09904E-013,   123.69, 4.54747E-013,     0.00,          0,     0.00, 4.68743E-013,   165.96
Fault.63_1,    1032.48,   -87.70,          0,     0.00,          0,     0.00,          0,     0.00,    1032.48,   -87.70,    1032.48,    92.30,          0,     0.00,          0,     0.00,          0,     0.00,    1032.48,    92.30
